sample_index,sample_id,prompt,instruction_id_list,kwargs,baseline_response_character_length,baseline_strict_prompt_passed,baseline_strict_instruction_score,baseline_loose_prompt_passed,baseline_loose_instruction_score,baseline_provider_status,baseline_provider_error,baseline_checker_error,baseline_mhc_response_character_length,baseline_mhc_strict_prompt_passed,baseline_mhc_strict_instruction_score,baseline_mhc_loose_prompt_passed,baseline_mhc_loose_instruction_score,baseline_mhc_provider_status,baseline_mhc_provider_error,baseline_mhc_checker_error,verbose_helpfulness_response_character_length,verbose_helpfulness_strict_prompt_passed,verbose_helpfulness_strict_instruction_score,verbose_helpfulness_loose_prompt_passed,verbose_helpfulness_loose_instruction_score,verbose_helpfulness_provider_status,verbose_helpfulness_provider_error,verbose_helpfulness_checker_error,mhc_concise_response_character_length,mhc_concise_strict_prompt_passed,mhc_concise_strict_instruction_score,mhc_concise_loose_prompt_passed,mhc_concise_loose_instruction_score,mhc_concise_provider_status,mhc_concise_provider_error,mhc_concise_checker_error,ifbench_gepa_prompt_transfer_response_character_length,ifbench_gepa_prompt_transfer_strict_prompt_passed,ifbench_gepa_prompt_transfer_strict_instruction_score,ifbench_gepa_prompt_transfer_loose_prompt_passed,ifbench_gepa_prompt_transfer_loose_instruction_score,ifbench_gepa_prompt_transfer_provider_status,ifbench_gepa_prompt_transfer_provider_error,ifbench_gepa_prompt_transfer_checker_error,gepa_p2_transfer_response_character_length,gepa_p2_transfer_strict_prompt_passed,gepa_p2_transfer_strict_instruction_score,gepa_p2_transfer_loose_prompt_passed,gepa_p2_transfer_loose_instruction_score,gepa_p2_transfer_provider_status,gepa_p2_transfer_provider_error,gepa_p2_transfer_checker_error
0,1000,"Write a 300+ word summary of the wikipedia page ""https://en.wikipedia.org/wiki/Raymond_III,_Count_of_Tripoli"". Do not use any commas and highlight at least 3 sections that has titles in markdown format, for example *highlighted section part 1*, *highlighted section part 2*, *highlighted section part 3*.","[""punctuation:no_comma"", ""detectable_format:number_highlighted_sections"", ""length_constraints:number_words""]","[{}, {""num_highlights"": 3}, {""relation"": ""at least"", ""num_words"": 300}]",1975,True,1.0,True,1.0,ok,,,2242,True,1.0,True,1.0,ok,,,2245,True,1.0,True,1.0,ok,,,2276,True,1.0,True,1.0,ok,,,2203,True,1.0,True,1.0,ok,,,2044,True,1.0,True,1.0,ok,,
1,1001,"I am planning a trip to Japan, and I would like thee to write an itinerary for my journey in a Shakespearean style. You are not allowed to use any commas in your response.","[""punctuation:no_comma""]",[{}],2556,True,1.0,True,1.0,ok,,,981,True,1.0,True,1.0,ok,,,1423,True,1.0,True,1.0,ok,,,617,True,1.0,True,1.0,ok,,,1027,True,1.0,True,1.0,ok,,,1672,True,1.0,True,1.0,ok,,
2,1005,"Write a resume for a fresh high school graduate who is seeking their first job. Make sure to include at least 12 placeholder represented by square brackets, such as [address], [name].","[""detectable_content:number_placeholders""]","[{""num_placeholders"": 12}]",2259,True,1.0,True,1.0,ok,,,1539,True,1.0,True,1.0,ok,,,2163,True,1.0,True,1.0,ok,,,1358,True,1.0,True,1.0,ok,,,2336,True,1.0,True,1.0,ok,,,1798,True,1.0,True,1.0,ok,,
3,1012,"Write an email to my boss telling him that I am quitting. The email must contain a title wrapped in double angular brackets, i.e. <<title>>.
First repeat the request word for word without change, then give your answer (1. do not say any words or characters before repeating the request; 2. the request you need to repeat does not include this sentence)","[""combination:repeat_prompt"", ""detectable_format:title""]","[{""prompt_to_repeat"": ""Write an email to my boss telling him that I am quitting. The email must contain a title wrapped in double angular brackets, i.e. <<title>>.""}, {}]",992,True,1.0,True,1.0,ok,,,817,True,1.0,True,1.0,ok,,,993,True,1.0,True,1.0,ok,,,652,True,1.0,True,1.0,ok,,,960,True,1.0,True,1.0,ok,,,907,True,1.0,True,1.0,ok,,
4,1019,"Given the sentence ""Two young boys with toy guns and horns."" can you ask a question? Please ensure that your response is in English, and in all lowercase letters. No capital letters are allowed.","[""change_case:english_lowercase""]",[{}],36,True,1.0,True,1.0,ok,,,36,True,1.0,True,1.0,ok,,,36,True,1.0,True,1.0,ok,,,36,True,1.0,True,1.0,ok,,,36,True,1.0,True,1.0,ok,,,36,True,1.0,True,1.0,ok,,
5,102,"Write a dialogue between two people, one is dressed up in a ball gown and the other is dressed down in sweats. The two are going to a nightly event. Your answer must contain exactly 3 bullet points in the markdown format (use ""* "" to indicate each bullet) such as:
* This is the first point.
* This is the second point.","[""detectable_format:number_bullet_lists""]","[{""num_bullets"": 3}]",339,True,1.0,True,1.0,ok,,,296,True,1.0,True,1.0,ok,,,399,True,1.0,True,1.0,ok,,,378,True,1.0,True,1.0,ok,,,434,True,1.0,True,1.0,ok,,,316,True,1.0,True,1.0,ok,,
6,1021,"Write a 2 paragraph critique of the following sentence in all capital letters, no lowercase letters allowed: ""If the law is bad, you should not follow it"". Label each paragraph with PARAGRAPH X.","[""change_case:english_capital"", ""detectable_format:multiple_sections""]","[{}, {""section_spliter"": ""PARAGRAPH"", ""num_sections"": 2}]",1062,True,1.0,True,1.0,ok,,,895,True,1.0,True,1.0,ok,,,1120,True,1.0,True,1.0,ok,,,548,True,1.0,True,1.0,ok,,,835,True,1.0,True,1.0,ok,,,1093,True,1.0,True,1.0,ok,,
7,1040,"Write me a resume for Matthias Algiers. Use words with all capital letters to highlight key abilities, but make sure that words with all capital letters appear less than 10 times. Wrap the entire response with double quotation marks.","[""change_case:capital_word_frequency"", ""change_case:capital_word_frequency"", ""startend:quotation""]","[{""capital_relation"": ""less than"", ""capital_frequency"": 10}, {""capital_relation"": ""at least"", ""capital_frequency"": 1}, {}]",1807,False,0.6666666666666666,False,0.6666666666666666,ok,,,1219,False,0.6666666666666666,False,0.6666666666666666,ok,,,1477,False,0.6666666666666666,False,0.6666666666666666,ok,,,1028,False,0.6666666666666666,False,0.6666666666666666,ok,,,1386,False,0.6666666666666666,False,0.6666666666666666,ok,,,1546,False,0.6666666666666666,False,0.6666666666666666,ok,,
8,1051,Write a letter to a friend in all lowercase letters ask them to go and vote.,"[""change_case:english_lowercase""]",[{}],458,True,1.0,True,1.0,ok,,,224,True,1.0,True,1.0,ok,,,374,True,1.0,True,1.0,ok,,,172,True,1.0,True,1.0,ok,,,192,True,1.0,True,1.0,ok,,,344,True,1.0,True,1.0,ok,,
9,1069,"Write a long email template that invites a group of participants to a meeting, with at least 500 words. The email must include the keywords ""correlated"" and ""experiencing"" and should not use any commas.","[""keywords:existence"", ""length_constraints:number_words"", ""punctuation:no_comma""]","[{""keywords"": [""correlated"", ""experiencing""]}, {""relation"": ""at least"", ""num_words"": 500}, {}]",2331,False,0.6666666666666666,False,0.6666666666666666,ok,,,2844,False,0.6666666666666666,False,0.6666666666666666,ok,,,3196,False,0.6666666666666666,False,0.6666666666666666,ok,,,2400,False,0.6666666666666666,False,0.6666666666666666,ok,,,1946,False,0.6666666666666666,False,0.6666666666666666,ok,,,3087,False,0.6666666666666666,False,0.6666666666666666,ok,,
10,1072,Write a blog post with 400 or more words about the benefits of sleeping in a hammock.,"[""length_constraints:number_words""]","[{""relation"": ""at least"", ""num_words"": 400}]",2846,True,1.0,True,1.0,ok,,,2056,False,0.0,False,0.0,ok,,,2301,False,0.0,False,0.0,ok,,,2089,False,0.0,False,0.0,ok,,,2334,False,0.0,False,0.0,ok,,,2554,True,1.0,True,1.0,ok,,
11,1075,Can you help me make an advertisement for a new product? It's a diaper that's designed to be more comfortable for babies and I want the entire output in JSON format.,"[""detectable_format:json_format""]",[{}],1581,False,0.0,True,1.0,ok,,,885,True,1.0,True,1.0,ok,,,1276,True,1.0,True,1.0,ok,,,714,True,1.0,True,1.0,ok,,,1061,True,1.0,True,1.0,ok,,,974,True,1.0,True,1.0,ok,,
12,1082,Write a story of exactly 2 paragraphs about a man who wakes up one day and realizes that he's inside a video game. Separate the paragraphs with the markdown divider: ***,"[""length_constraints:number_paragraphs""]","[{""num_paragraphs"": 2}]",1368,True,1.0,True,1.0,ok,,,904,True,1.0,True,1.0,ok,,,1263,True,1.0,True,1.0,ok,,,934,True,1.0,True,1.0,ok,,,1054,True,1.0,True,1.0,ok,,,1205,True,1.0,True,1.0,ok,,
13,1087,"Write a detailed review of the movie ""The Social Network"". Your entire response should be in English and all lower case (no capital letters whatsoever).","[""change_case:english_lowercase""]",[{}],2721,True,1.0,True,1.0,ok,,,1264,True,1.0,True,1.0,ok,,,2285,True,1.0,True,1.0,ok,,,1019,True,1.0,True,1.0,ok,,,1372,True,1.0,True,1.0,ok,,,1765,True,1.0,True,1.0,ok,,
14,1092,Write a short blog post about a trip to Japan using less than 300 words.,"[""length_constraints:number_words""]","[{""relation"": ""less than"", ""num_words"": 300}]",1769,False,0.0,True,1.0,ok,,,1333,True,1.0,True,1.0,ok,,,1552,True,1.0,True,1.0,ok,,,1237,True,1.0,True,1.0,ok,,,1479,True,1.0,True,1.0,ok,,,1363,True,1.0,True,1.0,ok,,
15,1094,"Please provide the names of 5 famous moms in JSON format. Please, use any interesting or weird tone. Your entire output should just contain a JSON block, nothing else.","[""detectable_format:json_format""]",[{}],684,True,1.0,True,1.0,ok,,,647,True,1.0,True,1.0,ok,,,592,True,1.0,True,1.0,ok,,,665,True,1.0,True,1.0,ok,,,356,True,1.0,True,1.0,ok,,,383,True,1.0,True,1.0,ok,,
16,1098,What is a name that people call God? Please give exactly two different responses. Separate the responses with 6 asterisk symbols: ******.,"[""combination:two_responses""]",[{}],26,True,1.0,True,1.0,ok,,,26,True,1.0,True,1.0,ok,,,30,True,1.0,True,1.0,ok,,,26,True,1.0,True,1.0,ok,,,30,True,1.0,True,1.0,ok,,,26,True,1.0,True,1.0,ok,,
17,1107,Write two jokes about rockets. Do not contain commas in your response. Separate the two jokes with 6 asterisk symbols: ******.,"[""punctuation:no_comma"", ""combination:two_responses""]","[{}, {}]",192,True,1.0,True,1.0,ok,,,267,True,1.0,True,1.0,ok,,,192,True,1.0,True,1.0,ok,,,348,True,1.0,True,1.0,ok,,,233,True,1.0,True,1.0,ok,,,166,True,1.0,True,1.0,ok,,
18,1108,"Are hamburgers sandwiches? Please respond using only the Kannada language, no other language is allowed.","[""language:response_language""]","[{""language"": ""kn""}]",36,True,1.0,True,1.0,ok,,,37,True,1.0,True,1.0,ok,,,77,True,1.0,True,1.0,ok,,,37,True,1.0,True,1.0,ok,,,37,True,1.0,True,1.0,ok,,,36,True,1.0,True,1.0,ok,,
19,1122,"make a tweet for playboy's twitter account without using capital letters. Include at least 4 hashtags, starting with '#'","[""change_case:english_lowercase"", ""keywords:letter_frequency""]","[{}, {""let_relation"": ""at least"", ""letter"": ""#"", ""let_frequency"": 4}]",163,True,1.0,True,1.0,ok,,,176,True,1.0,True,1.0,ok,,,368,True,1.0,True,1.0,ok,,,166,True,1.0,True,1.0,ok,,,181,True,1.0,True,1.0,ok,,,154,True,1.0,True,1.0,ok,,
